commit	val_bpb	memory_gb	status	description
c2450ad	0.000000	0.0	crash	stock baseline on A10G (device_batch=128) OOM during first forward compile
18a1557	0.000000	0.0	crash	A10G-fit baseline with device_batch=64 still OOM on logits allocation
5a54379	1.200115	11.4	keep	A10G-fit baseline with device_batch=32 and total_batch=2**18
48470ac	1.220857	13.8	drop	final-layer local 2-simplicial attention (window=8, scale=0.1) fits on A10G but regresses quality, throughput, and VRAM
7da9d05	1.221492	13.8	drop	final-layer local 2-simplicial attention (window=8, scale=0.05) matches Attempt 003 operationally but still regresses quality
c787626	1.222022	13.8	drop	learnable simplicial gate init=0.02 converged to -1.1394 and further regressed val_bpb while reducing completed steps to 204
aa46bea	1.219008	13.9	drop	NOBLE CosNet MLP branches on c_fc and c_proj (rank=32, XSA off) beat recent simplicial negatives but still regress vs the baseline
87782cb	1.278480	11.6	drop	NOBLE CosNet on c_fc only recovers throughput and memory but severely regresses val_bpb, so expansion-only placement is not viable
7ab7b03	1.285091	11.6	drop	NOBLE CosNet on c_proj only also recovers throughput and memory but regresses even harder, so one-line placements are ruled out
